ensino superior, https://twitter.com/Lula13bot/status/1502834175803543553?s=20&t=m7379glwplpRefhqcExm9A
trabalho, https://twitter.com/Lula13bot/status/1502498441032871942?s=20&t=IoKgPheh6j4cSpeIPIDo9w
trabalhador, https://twitter.com/Lula13bot/status/1502498441032871942?s=20&t=IoKgPheh6j4cSpeIPIDo9w
lgbt, https://twitter.com/Lula13bot/status/1502498617973690368?s=20&t=IoKgPheh6j4cSpeIPIDo9w
gay, https://twitter.com/Lula13bot/status/1502498617973690368?s=20&t=IoKgPheh6j4cSpeIPIDo9w
gays, https://twitter.com/Lula13bot/status/1502498617973690368?s=20&t=IoKgPheh6j4cSpeIPIDo9w
lgbtqia, https://twitter.com/Lula13bot/status/1502498617973690368?s=20&t=IoKgPheh6j4cSpeIPIDo9w
petrobras, https://twitter.com/Lula13bot/status/1502499464241721345?s=20&t=IoKgPheh6j4cSpeIPIDo9w
petroleo, https://twitter.com/Lula13bot/status/1502499464241721345?s=20&t=IoKgPheh6j4cSpeIPIDo9w
obama, https://twitter.com/Lula13bot/status/1502800594146320390?s=20&t=m7379glwplpRefhqcExm9A
